Workbook

Sheet Instructions
B2: KPI Gathering Template — Operational Health Dashboard
B3: A structured workbook for capturing, defining, and thresholding the KPIs that will feed an operational health dashboard.
B5: How to use this workbook
B6: 1. KPI Log — one row per KPI. This is the core intake tool; capture it here before it goes into a dashboard.
B7: • Dimension: the health category the KPI rolls up to (e.g., Availability, Data Quality, Volume/Throughput).
B8: • Definition: a precise, unambiguous description of what is being measured.
B9: • Calculation / Formula: how the metric is computed from source data (e.g., "successful runs / total runs").
B10: • Data Source / System of Record: where the raw data lives and how it is retrieved (real-time, snapshot, manual).
B11: • Target Direction: whether higher or lower values are "healthy" — drives the RAG status formula.
B12: • Green / Amber / Red Thresholds: the numeric boundaries for each status; enter Current Value to see RAG auto-calculate.
B13: 2. Dimension Summary — auto-rolls up KPI count and RAG mix by Dimension; optionally weight dimensions for a composite score.
B14: 3. Data Source Register — log each system of record / API / log feed once, then reference it by name in the KPI Log.
... B23: RAG color example:

Sheet Lists
A1: Dimension | B1: Frequency | C1: Target Direction | D1: Status | E1: Data Source Type
A2: Availability / Uptime | B2: Real-time | C2: Higher is better | D2: Proposed | E2: System of Record (real-time)
A3: Performance / Speed | B3: Daily | C3: Lower is better | D3: Active | E3: System of Record (snapshot)
A4: Accuracy / Data Quality | B4: Weekly | D4: Under Review | E4: API
A5: Volume / Throughput | B5: Monthly | D5: Retired | E5: Log / Event Stream
A6: Exception / Error Rate | B6: Quarterly | E6: Manual Entry
A7: Compliance / Governance
A8: Adoption / Usage
A9: Cost / Efficiency

Sheet Data Source Register
A1: Data Source Register
A2: Log each system of record, API, or feed once here, then reference it by name in the KPI Log.
A3: Data Source Name | B3: Type | C3: Owner / Team | D3: Retrieval Method | E3: Refresh Cadence | F3: Access / Permissions Needed | G3: Notes

Sheet KPI Log
A1: KPI Log — Operational Health Dashboard
A2: One row per KPI. Enter Current Value to auto-calculate RAG Status from your thresholds.
A3: KPI ID | B3: Dimension | C3: KPI Name | D3: Definition | E3: Calculation / Formula | F3: Data Source | G3: Owner | H3: Frequency | I3: Unit | J3: Target Direction | K3: Green Threshold | L3: Amber Threshold | M3: Red Threshold | N3: Current Value | O3: RAG Status | P3: Status | Q3: Notes
A4: =IF(C4="","","KPI-"&TEXT(ROW()-3,"000")) | O4: =IF(OR(N4="",J4="",K4="",L4="",M4=""),"",IF(J4="Higher is better",IF(N4>=K4,"Green",IF(N4>=L4,"Amber","Red")),IF(N4<=K4,"Green",IF(N4<=L4,"Amber","Red"))))
A5: =IF(C5="","","KPI-"&TEXT(ROW()-3,"000")) | O5: =IF(OR(N5="",J5="",K5="",L5="",M5=""),"",IF(J5="Higher is better",IF(N5>=K5,"Green",IF(N5>=L5,"Amber","Red")),IF(N5<=K5,"Green",IF(N5<=L5,"Amber","Red"))))
A6: =IF(C6="","","KPI-"&TEXT(ROW()-3,"000")) | O6: =IF(OR(N6="",J6="",K6="",L6="",M6=""),"",IF(J6="Higher is better",IF(N6>=K6,"Green",IF(N6>=L6,"Amber","Red")),IF(N6<=K6,"Green",IF(N6<=L6,"Amber","Red"))))
A7: =IF(C7="","","KPI-"&TEXT(ROW()-3,"000")) | O7: =IF(OR(N7="",J7="",K7="",L7="",M7=""),"",IF(J7="Higher is better",IF(N7>=K7,"Green",IF(N7>=L7,"Amber","Red")),IF(N7<=K7,"Green",IF(N7<=L7,"Amber","Red"))))
A8: =IF(C8="","","KPI-"&TEXT(ROW()-3,"000")) | O8: =IF(OR(N8="",J8="",K8="",L8="",M8=""),"",IF(J8="Higher is better",IF(N8>=K8,"Green",IF(N8>=L8,"Amber","Red")),IF(N8<=K8,"Green",IF(N8<=L8,"Amber","Red"))))
A9: =IF(C9="","","KPI-"&TEXT(ROW()-3,"000")) | O9: =IF(OR(N9="",J9="",K9="",L9="",M9=""),"",IF(J9="Higher is better",IF(N9>=K9,"Green",IF(N9>=L9,"Amber","Red")),IF(N9<=K9,"Green",IF(N9<=L9,"Amber","Red"))))
A10: =IF(C10="","","KPI-"&TEXT(ROW()-3,"000")) | O10: =IF(OR(N10="",J10="",K10="",L10="",M10=""),"",IF(J10="Higher is better",IF(N10>=K10,"Green",IF(N10>=L10,"Amber","Red")),IF(N10<=K10,"Green",IF(N10<=L10,"Amber","Red"))))
A11: =IF(C11="","","KPI-"&TEXT(ROW()-3,"000")) | O11: =IF(OR(N11="",J11="",K11="",L11="",M11=""),"",IF(J11="Higher is better",IF(N11>=K11,"Green",IF(N11>=L11,"Amber","Red")),IF(N11<=K11,"Green",IF(N11<=L11,"Amber","Red"))))
A12: =IF(C12="","","KPI-"&TEXT(ROW()-3,"000")) | O12: =IF(OR(N12="",J12="",K12="",L12="",M12=""),"",IF(J12="Higher is better",IF(N12>=K12,"Green",IF(N12>=L12,"Amber","Red")),IF(N12<=K12,"Green",IF(N12<=L12,"Amber","Red"))))
A13: =IF(C13="","","KPI-"&TEXT(ROW()-3,"000")) | O13: =IF(OR(N13="",J13="",K13="",L13="",M13=""),"",IF(J13="Higher is better",IF(N13>=K13,"Green",IF(N13>=L13,"Amber","Red")),IF(N13<=K13,"Green",IF(N13<=L13,"Amber","Red"))))
A14: =IF(C14="","","KPI-"&TEXT(ROW()-3,"000")) | O14: =IF(OR(N14="",J14="",K14="",L14="",M14=""),"",IF(J14="Higher is better",IF(N14>=K14,"Green",IF(N14>=L14,"Amber","Red")),IF(N14<=K14,"Green",IF(N14<=L14,"Amber","Red"))))
A15: =IF(C15="","","KPI-"&TEXT(ROW()-3,"000")) | O15: =IF(OR(N15="",J15="",K15="",L15="",M15=""),"",IF(J15="Higher is better",IF(N15>=K15,"Green",IF(N15>=L15,"Amber","Red")),IF(N15<=K15,"Green",IF(N15<=L15,"Amber","Red"))))
... A43: =IF(C43="","","KPI-"&TEXT(ROW()-3,"000")) | O43: =IF(OR(N43="",J43="",K43="",L43="",M43=""),"",IF(J43="Higher is better",IF(N43>=K43,"Green",IF(N43>=L43,"Amber","Red")),IF(N43<=K43,"Green",IF(N43<=L43,"Amber","Red"))))

Sheet Dimension Summary
A1: Dimension Summary
A2: Auto-rolls up KPI count and RAG mix by Dimension from the KPI Log. Add optional weights for a composite health score.
A4: Dimension | B4: Weight (%) | C4: # of KPIs | D4: # Green | E4: # Amber | F4: # Red | G4: Green Share | H4: Composite Score
A5: Availability / Uptime | C5: =COUNTIF('KPI Log'!$B$4:$B$43,$A5) -> 0 | D5: =COUNTIFS('KPI Log'!$B$4:$B$43,$A5,'KPI Log'!$O$4:$O$43,"Green") -> 0 | E5: =COUNTIFS('KPI Log'!$B$4:$B$43,$A5,'KPI Log'!$O$4:$O$43,"Amber") -> 0 | F5: =COUNTIFS('KPI Log'!$B$4:$B$43,$A5,'KPI Log'!$O$4:$O$43,"Red") -> 0 | G5: =IF(C5=0,"-",D5/C5) -> - | H5: =IF(OR(B5="",C5=0),0,B5*G5) -> 0
A6: Performance / Speed | C6: =COUNTIF('KPI Log'!$B$4:$B$43,$A6) -> 0 | D6: =COUNTIFS('KPI Log'!$B$4:$B$43,$A6,'KPI Log'!$O$4:$O$43,"Green") -> 0 | E6: =COUNTIFS('KPI Log'!$B$4:$B$43,$A6,'KPI Log'!$O$4:$O$43,"Amber") -> 0 | F6: =COUNTIFS('KPI Log'!$B$4:$B$43,$A6,'KPI Log'!$O$4:$O$43,"Red") -> 0 | G6: =IF(C6=0,"-",D6/C6) -> - | H6: =IF(OR(B6="",C6=0),0,B6*G6) -> 0
A7: Accuracy / Data Quality | C7: =COUNTIF('KPI Log'!$B$4:$B$43,$A7) -> 0 | D7: =COUNTIFS('KPI Log'!$B$4:$B$43,$A7,'KPI Log'!$O$4:$O$43,"Green") -> 0 | E7: =COUNTIFS('KPI Log'!$B$4:$B$43,$A7,'KPI Log'!$O$4:$O$43,"Amber") -> 0 | F7: =COUNTIFS('KPI Log'!$B$4:$B$43,$A7,'KPI Log'!$O$4:$O$43,"Red") -> 0 | G7: =IF(C7=0,"-",D7/C7) -> - | H7: =IF(OR(B7="",C7=0),0,B7*G7) -> 0
A8: Volume / Throughput | C8: =COUNTIF('KPI Log'!$B$4:$B$43,$A8) -> 0 | D8: =COUNTIFS('KPI Log'!$B$4:$B$43,$A8,'KPI Log'!$O$4:$O$43,"Green") -> 0 | E8: =COUNTIFS('KPI Log'!$B$4:$B$43,$A8,'KPI Log'!$O$4:$O$43,"Amber") -> 0 | F8: =COUNTIFS('KPI Log'!$B$4:$B$43,$A8,'KPI Log'!$O$4:$O$43,"Red") -> 0 | G8: =IF(C8=0,"-",D8/C8) -> - | H8: =IF(OR(B8="",C8=0),0,B8*G8) -> 0
A9: Exception / Error Rate | C9: =COUNTIF('KPI Log'!$B$4:$B$43,$A9) -> 0 | D9: =COUNTIFS('KPI Log'!$B$4:$B$43,$A9,'KPI Log'!$O$4:$O$43,"Green") -> 0 | E9: =COUNTIFS('KPI Log'!$B$4:$B$43,$A9,'KPI Log'!$O$4:$O$43,"Amber") -> 0 | F9: =COUNTIFS('KPI Log'!$B$4:$B$43,$A9,'KPI Log'!$O$4:$O$43,"Red") -> 0 | G9: =IF(C9=0,"-",D9/C9) -> - | H9: =IF(OR(B9="",C9=0),0,B9*G9) -> 0
A10: Compliance / Governance | C10: =COUNTIF('KPI Log'!$B$4:$B$43,$A10) -> 0 | D10: =COUNTIFS('KPI Log'!$B$4:$B$43,$A10,'KPI Log'!$O$4:$O$43,"Green") -> 0 | E10: =COUNTIFS('KPI Log'!$B$4:$B$43,$A10,'KPI Log'!$O$4:$O$43,"Amber") -> 0 | F10: =COUNTIFS('KPI Log'!$B$4:$B$43,$A10,'KPI Log'!$O$4:$O$43,"Red") -> 0 | G10: =IF(C10=0,"-",D10/C10) -> - | H10: =IF(OR(B10="",C10=0),0,B10*G10) -> 0
A11: Adoption / Usage | C11: =COUNTIF('KPI Log'!$B$4:$B$43,$A11) -> 0 | D11: =COUNTIFS('KPI Log'!$B$4:$B$43,$A11,'KPI Log'!$O$4:$O$43,"Green") -> 0 | E11: =COUNTIFS('KPI Log'!$B$4:$B$43,$A11,'KPI Log'!$O$4:$O$43,"Amber") -> 0 | F11: =COUNTIFS('KPI Log'!$B$4:$B$43,$A11,'KPI Log'!$O$4:$O$43,"Red") -> 0 | G11: =IF(C11=0,"-",D11/C11) -> - | H11: =IF(OR(B11="",C11=0),0,B11*G11) -> 0
A12: Cost / Efficiency | C12: =COUNTIF('KPI Log'!$B$4:$B$43,$A12) -> 0 | D12: =COUNTIFS('KPI Log'!$B$4:$B$43,$A12,'KPI Log'!$O$4:$O$43,"Green") -> 0 | E12: =COUNTIFS('KPI Log'!$B$4:$B$43,$A12,'KPI Log'!$O$4:$O$43,"Amber") -> 0 | F12: =COUNTIFS('KPI Log'!$B$4:$B$43,$A12,'KPI Log'!$O$4:$O$43,"Red") -> 0 | G12: =IF(C12=0,"-",D12/C12) -> - | H12: =IF(OR(B12="",C12=0),0,B12*G12) -> 0
A13: Total / Overall Health Score | B13: =SUM(B5:B12) -> 0 | C13: =SUM(C5:C12) -> 0 | D13: =SUM(D5:D12) -> 0 | E13: =SUM(E5:E12) -> 0 | F13: =SUM(F5:F12) -> 0 | G13: =IF(C13=0,"-",D13/C13) -> - | H13: =SUM(H5:H12) -> 0
A15: Note: Weight (yellow) is a manual input and should sum to 100% across dimensions. Composite Score = Weight x Green Share, summed for an overall weighted health score.
