Workbook

Sheet Instructions
B2: Opportunity Sizing Template
B3: A reusable framework for sizing, tracking, and reporting transformation opportunities by focus area and implementation period.
B5: How to use this workbook
B6: 1. Solution Detail tab — log every opportunity/solution you identify. One row per solution.
B7: • Focus Area: pick from the dropdown (edit the list on the Lists tab to match your program).
B8: • Implementation Period: the period the FTE/value release is expected to land.
B9: • Estimated Impact: the sized value (FTEs, $, hours — relabel the column header as needed).
B10: • Status: Complete / In Progress / Planned — used for tracking, not calculation.
B11: 2. Opportunity Sizing Summary tab — auto-rolls up Solution Detail by Focus Area x Period using SUMIFS formulas.
B12: • Enter each Focus Area's Baseline (current FTEs/cost) in the yellow input column to auto-calc "% of baseline".
B13: • Cumulative release row shows the running total across periods, mirroring an outside-in sizing view.
B14: 3. Lists tab — edit the Focus Area and Period dropdown source lists here; the dropdowns update automatically.
... B21: Yellow fill example:

Sheet Lists
A1: Focus Areas | B1: Implementation Periods | C1: Status
A2: Consulting | B2: Q3 2023 | C2: Planned
A3: Technology Lifecycle Services | B3: Q4 2023 | C3: In Progress
A4: Accounts Receivable | B4: H1 2024 | C4: Complete
A5: Hardware | B5: H2 2024
A6: Entitled Software | B6: 2024+
A7: Distributed Software
A8: Non-standard Contract Terms

Sheet Opportunity Sizing Summary
A1: Opportunity Sizing Summary
A2: Auto-calculated from the Solution Detail tab. Enter Baseline FTEs (yellow) to unlock % of baseline.
A4: Potential In-Period Release (Cumulative) | C4: Q3 2023 | D4: Q4 2023 | E4: H1 2024 | F4: H2 2024 | G4: 2024+ | H4: Total
A5: In-period release | C5: =C16 -> 0 | D5: =D16 -> 0 | E5: =E16 -> 0 | F5: =F16 -> 0 | G5: =G16 -> 0 | H5: =SUM(C5:G5) -> 0
A6: Cumulative release | C6: =C5 -> 0 | D6: =C6+D5 -> 0 | E6: =D6+E5 -> 0 | F6: =E6+F5 -> 0 | G6: =F6+G5 -> 0 | H6: =G6 -> 0
A8: Focus Area | B8: Baseline (FTEs) | C8: Q3 2023 | D8: Q4 2023 | E8: H1 2024 | F8: H2 2024 | G8: 2024+ | H8: Total | I8: % of Baseline | J8: Tx Owner | K8: Ops Owner
A9: Consulting | C9: =SUMIFS('Solution Detail'!$G$4:$G$60,'Solution Detail'!$B$4:$B$60,$A9,'Solution Detail'!$F$4:$F$60,C$8) -> 0 | D9: =SUMIFS('Solution Detail'!$G$4:$G$60,'Solution Detail'!$B$4:$B$60,$A9,'Solution Detail'!$F$4:$F$60,D$8) -> 0 | E9: =SUMIFS('Solution Detail'!$G$4:$G$60,'Solution Detail'!$B$4:$B$60,$A9,'Solution Detail'!$F$4:$F$60,E$8) -> 0 | F9: =SUMIFS('Solution Detail'!$G$4:$G$60,'Solution Detail'!$B$4:$B$60,$A9,'Solution Detail'!$F$4:$F$60,F$8) -> 0 | G9: =SUMIFS('Solution Detail'!$G$4:$G$60,'Solution Detail'!$B$4:$B$60,$A9,'Solution Detail'!$F$4:$F$60,G$8) -> 0 | H9: =SUM(C9:G9) -> 0 | I9: =IF($B9=0,"-",H9/$B9) -> -
A10: Technology Lifecycle Services | C10: =SUMIFS('Solution Detail'!$G$4:$G$60,'Solution Detail'!$B$4:$B$60,$A10,'Solution Detail'!$F$4:$F$60,C$8) -> 0 | D10: =SUMIFS('Solution Detail'!$G$4:$G$60,'Solution Detail'!$B$4:$B$60,$A10,'Solution Detail'!$F$4:$F$60,D$8) -> 0 | E10: =SUMIFS('Solution Detail'!$G$4:$G$60,'Solution Detail'!$B$4:$B$60,$A10,'Solution Detail'!$F$4:$F$60,E$8) -> 0 | F10: =SUMIFS('Solution Detail'!$G$4:$G$60,'Solution Detail'!$B$4:$B$60,$A10,'Solution Detail'!$F$4:$F$60,F$8) -> 0 | G10: =SUMIFS('Solution Detail'!$G$4:$G$60,'Solution Detail'!$B$4:$B$60,$A10,'Solution Detail'!$F$4:$F$60,G$8) -> 0 | H10: =SUM(C10:G10) -> 0 | I10: =IF($B10=0,"-",H10/$B10) -> -
A11: Accounts Receivable | C11: =SUMIFS('Solution Detail'!$G$4:$G$60,'Solution Detail'!$B$4:$B$60,$A11,'Solution Detail'!$F$4:$F$60,C$8) -> 0 | D11: =SUMIFS('Solution Detail'!$G$4:$G$60,'Solution Detail'!$B$4:$B$60,$A11,'Solution Detail'!$F$4:$F$60,D$8) -> 0 | E11: =SUMIFS('Solution Detail'!$G$4:$G$60,'Solution Detail'!$B$4:$B$60,$A11,'Solution Detail'!$F$4:$F$60,E$8) -> 0 | F11: =SUMIFS('Solution Detail'!$G$4:$G$60,'Solution Detail'!$B$4:$B$60,$A11,'Solution Detail'!$F$4:$F$60,F$8) -> 0 | G11: =SUMIFS('Solution Detail'!$G$4:$G$60,'Solution Detail'!$B$4:$B$60,$A11,'Solution Detail'!$F$4:$F$60,G$8) -> 0 | H11: =SUM(C11:G11) -> 0 | I11: =IF($B11=0,"-",H11/$B11) -> -
A12: Hardware | C12: =SUMIFS('Solution Detail'!$G$4:$G$60,'Solution Detail'!$B$4:$B$60,$A12,'Solution Detail'!$F$4:$F$60,C$8) -> 0 | D12: =SUMIFS('Solution Detail'!$G$4:$G$60,'Solution Detail'!$B$4:$B$60,$A12,'Solution Detail'!$F$4:$F$60,D$8) -> 0 | E12: =SUMIFS('Solution Detail'!$G$4:$G$60,'Solution Detail'!$B$4:$B$60,$A12,'Solution Detail'!$F$4:$F$60,E$8) -> 0 | F12: =SUMIFS('Solution Detail'!$G$4:$G$60,'Solution Detail'!$B$4:$B$60,$A12,'Solution Detail'!$F$4:$F$60,F$8) -> 0 | G12: =SUMIFS('Solution Detail'!$G$4:$G$60,'Solution Detail'!$B$4:$B$60,$A12,'Solution Detail'!$F$4:$F$60,G$8) -> 0 | H12: =SUM(C12:G12) -> 0 | I12: =IF($B12=0,"-",H12/$B12) -> -
A13: Entitled Software | C13: =SUMIFS('Solution Detail'!$G$4:$G$60,'Solution Detail'!$B$4:$B$60,$A13,'Solution Detail'!$F$4:$F$60,C$8) -> 0 | D13: =SUMIFS('Solution Detail'!$G$4:$G$60,'Solution Detail'!$B$4:$B$60,$A13,'Solution Detail'!$F$4:$F$60,D$8) -> 0 | E13: =SUMIFS('Solution Detail'!$G$4:$G$60,'Solution Detail'!$B$4:$B$60,$A13,'Solution Detail'!$F$4:$F$60,E$8) -> 0 | F13: =SUMIFS('Solution Detail'!$G$4:$G$60,'Solution Detail'!$B$4:$B$60,$A13,'Solution Detail'!$F$4:$F$60,F$8) -> 0 | G13: =SUMIFS('Solution Detail'!$G$4:$G$60,'Solution Detail'!$B$4:$B$60,$A13,'Solution Detail'!$F$4:$F$60,G$8) -> 0 | H13: =SUM(C13:G13) -> 0 | I13: =IF($B13=0,"-",H13/$B13) -> -
A14: Distributed Software | C14: =SUMIFS('Solution Detail'!$G$4:$G$60,'Solution Detail'!$B$4:$B$60,$A14,'Solution Detail'!$F$4:$F$60,C$8) -> 0 | D14: =SUMIFS('Solution Detail'!$G$4:$G$60,'Solution Detail'!$B$4:$B$60,$A14,'Solution Detail'!$F$4:$F$60,D$8) -> 0 | E14: =SUMIFS('Solution Detail'!$G$4:$G$60,'Solution Detail'!$B$4:$B$60,$A14,'Solution Detail'!$F$4:$F$60,E$8) -> 0 | F14: =SUMIFS('Solution Detail'!$G$4:$G$60,'Solution Detail'!$B$4:$B$60,$A14,'Solution Detail'!$F$4:$F$60,F$8) -> 0 | G14: =SUMIFS('Solution Detail'!$G$4:$G$60,'Solution Detail'!$B$4:$B$60,$A14,'Solution Detail'!$F$4:$F$60,G$8) -> 0 | H14: =SUM(C14:G14) -> 0 | I14: =IF($B14=0,"-",H14/$B14) -> -
A15: Non-standard Contract Terms | C15: =SUMIFS('Solution Detail'!$G$4:$G$60,'Solution Detail'!$B$4:$B$60,$A15,'Solution Detail'!$F$4:$F$60,C$8) -> 0 | D15: =SUMIFS('Solution Detail'!$G$4:$G$60,'Solution Detail'!$B$4:$B$60,$A15,'Solution Detail'!$F$4:$F$60,D$8) -> 0 | E15: =SUMIFS('Solution Detail'!$G$4:$G$60,'Solution Detail'!$B$4:$B$60,$A15,'Solution Detail'!$F$4:$F$60,E$8) -> 0 | F15: =SUMIFS('Solution Detail'!$G$4:$G$60,'Solution Detail'!$B$4:$B$60,$A15,'Solution Detail'!$F$4:$F$60,F$8) -> 0 | G15: =SUMIFS('Solution Detail'!$G$4:$G$60,'Solution Detail'!$B$4:$B$60,$A15,'Solution Detail'!$F$4:$F$60,G$8) -> 0 | H15: =SUM(C15:G15) -> 0 | I15: =IF($B15=0,"-",H15/$B15) -> -
A16: Total | B16: =SUM(B9:B15) -> 0 | C16: =SUM(C9:C15) -> 0 | D16: =SUM(D9:D15) -> 0 | E16: =SUM(E9:E15) -> 0 | F16: =SUM(F9:F15) -> 0 | G16: =SUM(G9:G15) -> 0 | H16: =SUM(H9:H15) -> 0 | I16: =IF(B16=0,"-",H16/B16) -> -
A18: Note: Baseline (yellow) is a manual input — enter current FTE/cost baseline per focus area to calculate % of baseline released.

Sheet Solution Detail
A1: Solution Detail — Opportunity Log
A2: One row per solution/opportunity. This tab feeds the Opportunity Sizing Summary automatically.
A3: Solution ID | B3: Focus Area | C3: Solution / Opportunity Description | D3: Tx Owner | E3: Ops Owner | F3: Implementation Period | G3: Estimated Impact (FTEs) | H3: Status | I3: Strategic Platform (Y/N) | J3: Source / Notes
