Workbook

Sheet Instructions
B2: RAID Log Template
B3: A single log for tracking Risks, Assumptions, Issues, and Dependencies across a project or initiative.
B5: How to use this workbook
B6: 1. RAID Log — one row per item. Use the Type dropdown to classify it as a Risk, Assumption, Issue, or Dependency.
B7: • Risk: something that might happen and would negatively affect the project if it does.
B8: • Assumption: something believed to be true that the plan depends on, but hasn't been confirmed.
B9: • Issue: something that has already happened and needs resolution now.
B10: • Dependency: something the project relies on from outside the team's direct control (a team, system, or decision).
B11: 2. For Risks, set Impact and Probability — the Risk Score (Impact x Probability) auto-calculates to help prioritize.
B12: 3. Track Status and Target Resolution Date so items don't go stale; review the log on a regular cadence (e.g., weekly).
B13: 4. Lists tab — edit the dropdown source lists (Type, Priority, Status, Impact, Probability) to match your project.
B15: Formatting key
... B18: Row color reflects Type: Risk (red-tinted), Assumption (blue-tinted), Issue (amber-tinted), Dependency (purple-tinted)

Sheet Lists
A1: Type | B1: Priority | C1: Status | D1: Impact | E1: Probability | G1: Score Mapping (for Risk Score formula)
A2: Risk | B2: High | C2: Open | D2: High | E2: High | G2: High | H2: 3
A3: Assumption | B3: Medium | C3: In Progress | D3: Medium | E3: Medium | G3: Medium | H3: 2
A4: Issue | B4: Low | C4: Mitigated | D4: Low | E4: Low | G4: Low | H4: 1
A5: Dependency | C5: Escalated
C6: Closed

Sheet RAID Log
A1: RAID Log
A2: One row per Risk, Assumption, Issue, or Dependency. Risk Score auto-calculates for items typed as Risk.
A3: ID | B3: Type | C3: Description | D3: Category / Area | E3: Impact | F3: Probability | G3: Risk Score | H3: Priority | I3: Owner | J3: Date Raised | K3: Target Resolution Date | L3: Status | M3: Mitigation / Action Plan | N3: Related Items | O3: Notes
A4: =IF(C4="","","R"&TEXT(ROW()-3,"000")) | G4: =IF(OR(B4<>"Risk",E4="",F4=""),"",VLOOKUP(E4,Lists!$G$2:$H$4,2,FALSE())*VLOOKUP(F4,Lists!$G$2:$H$4,2,FALSE()))
A5: =IF(C5="","","R"&TEXT(ROW()-3,"000")) | G5: =IF(OR(B5<>"Risk",E5="",F5=""),"",VLOOKUP(E5,Lists!$G$2:$H$4,2,FALSE())*VLOOKUP(F5,Lists!$G$2:$H$4,2,FALSE()))
A6: =IF(C6="","","R"&TEXT(ROW()-3,"000")) | G6: =IF(OR(B6<>"Risk",E6="",F6=""),"",VLOOKUP(E6,Lists!$G$2:$H$4,2,FALSE())*VLOOKUP(F6,Lists!$G$2:$H$4,2,FALSE()))
A7: =IF(C7="","","R"&TEXT(ROW()-3,"000")) | G7: =IF(OR(B7<>"Risk",E7="",F7=""),"",VLOOKUP(E7,Lists!$G$2:$H$4,2,FALSE())*VLOOKUP(F7,Lists!$G$2:$H$4,2,FALSE()))
A8: =IF(C8="","","R"&TEXT(ROW()-3,"000")) | G8: =IF(OR(B8<>"Risk",E8="",F8=""),"",VLOOKUP(E8,Lists!$G$2:$H$4,2,FALSE())*VLOOKUP(F8,Lists!$G$2:$H$4,2,FALSE()))
A9: =IF(C9="","","R"&TEXT(ROW()-3,"000")) | G9: =IF(OR(B9<>"Risk",E9="",F9=""),"",VLOOKUP(E9,Lists!$G$2:$H$4,2,FALSE())*VLOOKUP(F9,Lists!$G$2:$H$4,2,FALSE()))
A10: =IF(C10="","","R"&TEXT(ROW()-3,"000")) | G10: =IF(OR(B10<>"Risk",E10="",F10=""),"",VLOOKUP(E10,Lists!$G$2:$H$4,2,FALSE())*VLOOKUP(F10,Lists!$G$2:$H$4,2,FALSE()))
A11: =IF(C11="","","R"&TEXT(ROW()-3,"000")) | G11: =IF(OR(B11<>"Risk",E11="",F11=""),"",VLOOKUP(E11,Lists!$G$2:$H$4,2,FALSE())*VLOOKUP(F11,Lists!$G$2:$H$4,2,FALSE()))
A12: =IF(C12="","","R"&TEXT(ROW()-3,"000")) | G12: =IF(OR(B12<>"Risk",E12="",F12=""),"",VLOOKUP(E12,Lists!$G$2:$H$4,2,FALSE())*VLOOKUP(F12,Lists!$G$2:$H$4,2,FALSE()))
A13: =IF(C13="","","R"&TEXT(ROW()-3,"000")) | G13: =IF(OR(B13<>"Risk",E13="",F13=""),"",VLOOKUP(E13,Lists!$G$2:$H$4,2,FALSE())*VLOOKUP(F13,Lists!$G$2:$H$4,2,FALSE()))
A14: =IF(C14="","","R"&TEXT(ROW()-3,"000")) | G14: =IF(OR(B14<>"Risk",E14="",F14=""),"",VLOOKUP(E14,Lists!$G$2:$H$4,2,FALSE())*VLOOKUP(F14,Lists!$G$2:$H$4,2,FALSE()))
A15: =IF(C15="","","R"&TEXT(ROW()-3,"000")) | G15: =IF(OR(B15<>"Risk",E15="",F15=""),"",VLOOKUP(E15,Lists!$G$2:$H$4,2,FALSE())*VLOOKUP(F15,Lists!$G$2:$H$4,2,FALSE()))
... A43: =IF(C43="","","R"&TEXT(ROW()-3,"000")) | G43: =IF(OR(B43<>"Risk",E43="",F43=""),"",VLOOKUP(E43,Lists!$G$2:$H$4,2,FALSE())*VLOOKUP(F43,Lists!$G$2:$H$4,2,FALSE()))
